<?xml version="1.0" encoding="UTF-8"?>
<robot generated="20130926 17:14:33.585" generator="Robot 2.7.7 (Python 2.7 on win32)">
<suite source="E:\repo\RobotFrameworkTestAutomation\Ch3\telnet\testsuites" id="s1" name="Testsuites">
<suite source="E:\repo\RobotFrameworkTestAutomation\Ch3\telnet\testsuites\telnet_test.txt" id="s1-s1" name="Telnet Test">
<test id="s1-s1-t1" timeout="" name="Do a telnet session">
<kw type="kw" name="Telnet.Close All Connections" timeout="">
<doc>Closes all open connections and empties the connection cache.</doc>
<arguments>
</arguments>
<status status="PASS" endtime="20130926 17:14:33.617" starttime="20130926 17:14:33.617"></status>
</kw>
<kw type="kw" name="Telnet.Open Connection" timeout="">
<doc>Opens a new Telnet connection to the given host and port.</doc>
<arguments>
<arg>127.0.0.1</arg>
<arg>prompt=test</arg>
</arguments>
<msg timestamp="20130926 17:14:33.618" level="INFO">Opening connection to 127.0.0.1:23 with prompt: test</msg>
<status status="PASS" endtime="20130926 17:14:33.624" starttime="20130926 17:14:33.617"></status>
</kw>
<kw type="kw" name="Telnet.Login" timeout="">
<doc>Logs in to the Telnet server with the given user information.</doc>
<arguments>
<arg>test</arg>
<arg>test</arg>
<arg>login_prompt=login:</arg>
<arg>password_prompt=password:</arg>
</arguments>
<msg timestamp="20130926 17:14:33.783" level="INFO">Welcome to Microsoft Telnet Service 

login: test
password: 

*===============================================================
Microsoft Telnet Server.
*===============================================================
C:\Users\test</msg>
<status status="PASS" endtime="20130926 17:14:33.784" starttime="20130926 17:14:33.624"></status>
</kw>
<kw type="kw" name="${details} = Telnet.Execute Command" timeout="">
<doc>Executes the given `command` and reads, logs, and returns everything until the prompt.</doc>
<arguments>
<arg>ls -l</arg>
</arguments>
<msg timestamp="20130926 17:14:33.956" level="INFO">&gt;ls -l</msg>
<msg timestamp="20130926 17:14:33.956" level="INFO">total 1369
drwxr-xr-x 5 test</msg>
<msg timestamp="20130926 17:14:33.956" level="INFO">${details} = total 1369
drwxr-xr-x 5 test</msg>
<status status="PASS" endtime="20130926 17:14:33.956" starttime="20130926 17:14:33.785"></status>
</kw>
<kw type="kw" name="BuiltIn.Log" timeout="">
<doc>Logs the given message with the given level.</doc>
<arguments>
<arg>${details}</arg>
</arguments>
<msg timestamp="20130926 17:14:33.957" level="INFO">total 1369
drwxr-xr-x 5 test</msg>
<status status="PASS" endtime="20130926 17:14:33.957" starttime="20130926 17:14:33.957"></status>
</kw>
<kw type="kw" name="${output} = Telnet.Read Until Prompt" timeout="">
<doc>Reads output until the prompt is encountered.</doc>
<arguments>
</arguments>
<msg timestamp="20130926 17:14:33.958" level="INFO">Administrators      0 Sep 26 16:14 AppData
drwxr-xr-x 0 test</msg>
<msg timestamp="20130926 17:14:33.958" level="INFO">${output} =  Administrators      0 Sep 26 16:14 AppData
drwxr-xr-x 0 test</msg>
<status status="PASS" endtime="20130926 17:14:33.958" starttime="20130926 17:14:33.958"></status>
</kw>
<doc></doc>
<tags>
</tags>
<status status="PASS" endtime="20130926 17:14:33.959" critical="yes" starttime="20130926 17:14:33.614"></status>
</test>
<doc></doc>
<metadata>
</metadata>
<status status="PASS" endtime="20130926 17:14:33.962" starttime="20130926 17:14:33.607"></status>
</suite>
<doc></doc>
<metadata>
</metadata>
<status status="PASS" endtime="20130926 17:14:33.968" starttime="20130926 17:14:33.585"></status>
</suite>
<statistics>
<total>
<stat fail="0" pass="1">Critical Tests</stat>
<stat fail="0" pass="1">All Tests</stat>
</total>
<tag>
</tag>
<suite>
<stat fail="0" pass="1" id="s1" name="Testsuites">Testsuites</stat>
<stat fail="0" pass="1" id="s1-s1" name="Telnet Test">Testsuites.Telnet Test</stat>
</suite>
</statistics>
<errors>
</errors>
</robot>
