<?xml version="1.0" encoding="UTF-8"?>
<robot generated="20130827 00:15:27.531" generator="Robot 2.8.1 (Python 2.7.4 on linux2)">
<suite source="/home/sumit/Desktop/seleniumTest/testsuites" id="s1" name="Testsuites">
<suite source="/home/sumit/Desktop/seleniumTest/testsuites/login_test.txt" id="s1-s1" name="Login Test">
<test id="s1-s1-t1" name="Start up the browser window first">
<kw type="kw" name="Selenium2Library.Open Browser">
<doc>Opens a new browser instance to given URL.</doc>
<arguments>
<arg>${LOGIN URL}</arg>
</arguments>
<msg timestamp="20130827 00:15:27.719" level="INFO">Opening browser 'firefox' to base url 'http://localhost:5000/'</msg>
<status status="PASS" endtime="20130827 00:15:34.147" starttime="20130827 00:15:27.718"></status>
</kw>
<doc></doc>
<tags>
</tags>
<status status="PASS" endtime="20130827 00:15:34.148" critical="yes" starttime="20130827 00:15:27.717"></status>
</test>
<test id="s1-s1-t2" name="Perform Wrong credentials">
<kw type="kw" name="Selenium2Library.Go To">
<doc>Navigates the active browser instance to the provided URL.</doc>
<arguments>
<arg>${LOGIN URL}</arg>
</arguments>
<msg timestamp="20130827 00:15:34.151" level="INFO">Opening url 'http://localhost:5000/'</msg>
<status status="PASS" endtime="20130827 00:15:34.272" starttime="20130827 00:15:34.150"></status>
</kw>
<kw type="kw" name="Selenium2Library.Set Selenium Speed">
<doc>Sets the delay in seconds that is waited after each Selenium command.</doc>
<arguments>
<arg>${DELAY}</arg>
</arguments>
<status status="PASS" endtime="20130827 00:15:34.273" starttime="20130827 00:15:34.272"></status>
</kw>
<kw type="kw" name="Selenium2Library.Title Should Be">
<doc>Verifies that current page title equals `title`.</doc>
<arguments>
<arg>My Application</arg>
</arguments>
<msg timestamp="20130827 00:15:34.288" level="INFO">Page title is 'My Application'.</msg>
<status status="PASS" endtime="20130827 00:15:34.288" starttime="20130827 00:15:34.273"></status>
</kw>
<kw type="kw" name="BuiltIn.Sleep">
<doc>Pauses the test executed for the given time.</doc>
<arguments>
<arg>2</arg>
</arguments>
<msg timestamp="20130827 00:15:36.290" level="INFO">Slept 2 seconds</msg>
<status status="PASS" endtime="20130827 00:15:36.290" starttime="20130827 00:15:34.289"></status>
</kw>
<kw type="kw" name="Selenium2Library.Input Text">
<doc>Types the given `text` into text field identified by `locator`.</doc>
<arguments>
<arg>username</arg>
<arg>${VALID USER}</arg>
</arguments>
<msg timestamp="20130827 00:15:36.292" level="INFO">Typing text 'admin' into text field 'username'</msg>
<status status="PASS" endtime="20130827 00:15:36.483" starttime="20130827 00:15:36.291"></status>
</kw>
<kw type="kw" name="Selenium2Library.Input Password">
<doc>Types the given password into text field identified by `locator`.</doc>
<arguments>
<arg>password</arg>
<arg>Wrong password</arg>
</arguments>
<msg timestamp="20130827 00:15:36.484" level="INFO">Typing password into text field 'password'</msg>
<status status="PASS" endtime="20130827 00:15:36.612" starttime="20130827 00:15:36.484"></status>
</kw>
<kw type="kw" name="BuiltIn.Sleep">
<doc>Pauses the test executed for the given time.</doc>
<arguments>
<arg>2</arg>
</arguments>
<msg timestamp="20130827 00:15:38.614" level="INFO">Slept 2 seconds</msg>
<status status="PASS" endtime="20130827 00:15:38.614" starttime="20130827 00:15:36.613"></status>
</kw>
<kw type="kw" name="Selenium2Library.Click Button">
<doc>Clicks a button identified by `locator`.</doc>
<arguments>
<arg>Login</arg>
</arguments>
<msg timestamp="20130827 00:15:38.615" level="INFO">Clicking button 'Login'.</msg>
<status status="PASS" endtime="20130827 00:15:38.913" starttime="20130827 00:15:38.615"></status>
</kw>
<kw type="kw" name="Selenium2Library.Page Should Contain">
<doc>Verifies that current page contains `text`.</doc>
<arguments>
<arg>Error while logging in with ${VALID USER}</arg>
</arguments>
<msg timestamp="20130827 00:15:38.951" level="INFO">Current page contains text 'Error while logging in with admin'.</msg>
<status status="PASS" endtime="20130827 00:15:38.951" starttime="20130827 00:15:38.914"></status>
</kw>
<doc></doc>
<tags>
</tags>
<status status="PASS" endtime="20130827 00:15:38.952" critical="yes" starttime="20130827 00:15:34.149"></status>
</test>
<test id="s1-s1-t3" name="Perform correct credentials">
<kw type="kw" name="Selenium2Library.Go To">
<doc>Navigates the active browser instance to the provided URL.</doc>
<arguments>
<arg>${LOGIN URL}</arg>
</arguments>
<msg timestamp="20130827 00:15:38.953" level="INFO">Opening url 'http://localhost:5000/'</msg>
<status status="PASS" endtime="20130827 00:15:39.055" starttime="20130827 00:15:38.953"></status>
</kw>
<kw type="kw" name="Selenium2Library.Title Should Be">
<doc>Verifies that current page title equals `title`.</doc>
<arguments>
<arg>My Application</arg>
</arguments>
<msg timestamp="20130827 00:15:39.071" level="INFO">Page title is 'My Application'.</msg>
<status status="PASS" endtime="20130827 00:15:39.071" starttime="20130827 00:15:39.056"></status>
</kw>
<kw type="kw" name="BuiltIn.Sleep">
<doc>Pauses the test executed for the given time.</doc>
<arguments>
<arg>2</arg>
</arguments>
<msg timestamp="20130827 00:15:41.073" level="INFO">Slept 2 seconds</msg>
<status status="PASS" endtime="20130827 00:15:41.073" starttime="20130827 00:15:39.072"></status>
</kw>
<kw type="kw" name="Selenium2Library.Input Text">
<doc>Types the given `text` into text field identified by `locator`.</doc>
<arguments>
<arg>username</arg>
<arg>${VALID USER}</arg>
</arguments>
<msg timestamp="20130827 00:15:41.075" level="INFO">Typing text 'admin' into text field 'username'</msg>
<status status="PASS" endtime="20130827 00:15:41.185" starttime="20130827 00:15:41.074"></status>
</kw>
<kw type="kw" name="Selenium2Library.Input Password">
<doc>Types the given password into text field identified by `locator`.</doc>
<arguments>
<arg>password</arg>
<arg>${VALID PASSWD}</arg>
</arguments>
<msg timestamp="20130827 00:15:41.186" level="INFO">Typing password into text field 'password'</msg>
<status status="PASS" endtime="20130827 00:15:41.393" starttime="20130827 00:15:41.185"></status>
</kw>
<kw type="kw" name="BuiltIn.Sleep">
<doc>Pauses the test executed for the given time.</doc>
<arguments>
<arg>2</arg>
</arguments>
<msg timestamp="20130827 00:15:43.394" level="INFO">Slept 2 seconds</msg>
<status status="PASS" endtime="20130827 00:15:43.394" starttime="20130827 00:15:41.393"></status>
</kw>
<kw type="kw" name="Selenium2Library.Click Button">
<doc>Clicks a button identified by `locator`.</doc>
<arguments>
<arg>Login</arg>
</arguments>
<msg timestamp="20130827 00:15:43.395" level="INFO">Clicking button 'Login'.</msg>
<status status="PASS" endtime="20130827 00:15:43.989" starttime="20130827 00:15:43.395"></status>
</kw>
<kw type="kw" name="Selenium2Library.Location Should Be">
<doc>Verifies that current URL is exactly `url`.</doc>
<arguments>
<arg>${SUCCESS URL}</arg>
</arguments>
<msg timestamp="20130827 00:15:44.007" level="INFO">Current location is 'http://localhost:5000/secure'.</msg>
<status status="PASS" endtime="20130827 00:15:44.007" starttime="20130827 00:15:43.990"></status>
</kw>
<kw type="kw" name="Selenium2Library.Page Should Contain">
<doc>Verifies that current page contains `text`.</doc>
<arguments>
<arg>Logged in successfully</arg>
</arguments>
<msg timestamp="20130827 00:15:44.045" level="INFO">Current page contains text 'Logged in successfully'.</msg>
<status status="PASS" endtime="20130827 00:15:44.046" starttime="20130827 00:15:44.008"></status>
</kw>
<doc></doc>
<tags>
</tags>
<status status="PASS" endtime="20130827 00:15:44.046" critical="yes" starttime="20130827 00:15:38.952"></status>
</test>
<doc></doc>
<metadata>
</metadata>
<status status="PASS" endtime="20130827 00:15:44.048" starttime="20130827 00:15:27.579"></status>
</suite>
<doc></doc>
<metadata>
</metadata>
<status status="PASS" endtime="20130827 00:15:44.051" starttime="20130827 00:15:27.532"></status>
</suite>
<statistics>
<total>
<stat fail="0" pass="3">Critical Tests</stat>
<stat fail="0" pass="3">All Tests</stat>
</total>
<tag>
</tag>
<suite>
<stat fail="0" pass="3" id="s1" name="Testsuites">Testsuites</stat>
<stat fail="0" pass="3" id="s1-s1" name="Login Test">Testsuites.Login Test</stat>
</suite>
</statistics>
<errors>
</errors>
</robot>
