<?xml version="1.0" encoding="UTF-8"?>
<robot generated="20130915 20:21:08.282" generator="Robot 2.8.1 (Python 2.7.4 on linux2)">
<suite source="/home/sumit/repo/RobotFrameworkTestAutomation/Ch3/remotelib/testsuites" id="s1" name="Testsuites">
<suite source="/home/sumit/repo/RobotFrameworkTestAutomation/Ch3/remotelib/testsuites/remote_client_test.txt" id="s1-s1" name="Remote Client Test">
<test id="s1-s1-t1" name="Display">
<kw type="kw" name="BuiltIn.Log">
<doc>Logs the given message with the given level.</doc>
<arguments>
<arg>Checking the string values</arg>
</arguments>
<msg timestamp="20130915 20:21:08.344" level="INFO">Checking the string values</msg>
<status status="PASS" endtime="20130915 20:21:08.344" starttime="20130915 20:21:08.343"></status>
</kw>
<kw type="kw" name="Remote.Strings Should Be Equal">
<doc></doc>
<arguments>
<arg>packt</arg>
<arg>packt</arg>
</arguments>
<msg timestamp="20130915 20:21:08.347" level="INFO">Comparing 'packt' to 'packt'</msg>
<status status="PASS" endtime="20130915 20:21:08.347" starttime="20130915 20:21:08.344"></status>
</kw>
<doc>The variables declared on another robotframework server can be used.</doc>
<tags>
</tags>
<status status="PASS" endtime="20130915 20:21:08.347" critical="yes" starttime="20130915 20:21:08.342"></status>
</test>
<doc></doc>
<metadata>
</metadata>
<status status="PASS" endtime="20130915 20:21:08.348" starttime="20130915 20:21:08.321"></status>
</suite>
<doc></doc>
<metadata>
</metadata>
<status status="PASS" endtime="20130915 20:21:08.350" starttime="20130915 20:21:08.282"></status>
</suite>
<statistics>
<total>
<stat fail="0" pass="1">Critical Tests</stat>
<stat fail="0" pass="1">All Tests</stat>
</total>
<tag>
</tag>
<suite>
<stat fail="0" pass="1" id="s1" name="Testsuites">Testsuites</stat>
<stat fail="0" pass="1" id="s1-s1" name="Remote Client Test">Testsuites.Remote Client Test</stat>
</suite>
</statistics>
<errors>
</errors>
</robot>
